Name,Builder,Unit Tier,Gold Cost,Food Cost,Upgradeable,Max Upgrade Gold Cost,Total Food Cost with Upgrade,Base Unit Name,Upgraded Name,Base Min Hit,Base Max Hit,Attack Speed,Attack Speed Class,Range,Melee / Ranged,Hit Points,Mana,Attack Type,Defense Type,Attack Effectiveness Order,Attack Strength,Attack Weakness,Defense Effectiveness Order,Defense Strength,Defense Weakness,Abilities,Ability Type,Ability Description,Has Aura,Can Buff,Can Debuff,Can Splash,Can Heal,Can Stun,Can Summon,ID
tuskarr,artic,1,20,1,TRUE,70,1,null,tuskarr spearman;,16,17,1.4,fast,100,melee,95,0,normal,medium,medium;unarmored;light;heavy;fortified,medium,fortified;,magic;pierce;siege;chaos;normal,magic;,normal;,null,null,null,FALSE,FALSE,FALSE,FALSE,FALSE,FALSE,FALSE,HlwkOll
tuskarr spearman,artic,1,70,0,FALSE,0,0,tuskarr;,null,16,17,0.6,very fast,450,ranged,280,0,pierce,medium,light;unarmored;medium;heavy;fortified,light,fortified;,magic;pierce;siege;chaos;normal,magic;,normal;,ice spear;,slow - movement;,Adds 12 cold damage to each attack slowing a target enemy unit's movement by 60%.;,FALSE,FALSE,TRUE,FALSE,FALSE,FALSE,FALSE,wD7V92U
frost wolf,artic,2,45,1,TRUE,135,2,null,pandaren;,21,22,1.5,average,100,melee,200,0,normal,medium,medium;unarmored;light;heavy;fortified,medium,fortified;,magic;pierce;siege;chaos;normal,magic;,normal;,bleeding;,slow - attack;,Activates when HP falls below 30%. Bleeding deals 5 damage per second and reduce attack speed of target by 25%.;,FALSE,FALSE,TRUE,FALSE,FALSE,FALSE,FALSE,hjzuvcC
pandaren,artic,2,135,1,FALSE,0,0,frost wolf;,null,49,52,0.6,very fast,100,melee,800,10,normal,medium,medium;unarmored;light;heavy;fortified,medium,fortified;,magic;pierce;siege;chaos;normal,magic;,normal;,frost nova;,splash;,Blasts enemy units with a wave of frost that deals 100 damage to the target and 10 nova damage.;,FALSE,FALSE,FALSE,TRUE,FALSE,FALSE,FALSE,wcGsnlB
ice troll,artic,3,80,1,TRUE,150,2,null,ice troll shaman;,36,37,0.8,very fast,300,ranged,335,15,magic,light,heavy;light;unarmored;medium;fortifed,heavy,fortified;,normal;siege;chaos;magic;pierce,normal;siege,pierce;,frost shield;,aura - shield;,An aura that gives friendly nearby units a damage shield which deals 4% of an enemy unit's melee attack damage back to it.;,TRUE,TRUE,FALSE,FALSE,FALSE,FALSE,FALSE,AeL5o8c
ice troll shaman,artic,3,150,1,FALSE,0,0,ice troll;,null,51,53,0.5,very fast,300,ranged,850,30,magic,medium,heavy;light;unarmored;medium;fortifed,heavy,fortified;,magic;pierce;siege;chaos;normal,magic;,normal;,ice shield;cold attack,aura - shield;slow,An aura that gives friendly nearby units a damage shield which deals 8% of an enemy unit's melee attack damage back to it.;Slows a target enemy unit's attack rate by 15% and movement speed by 50%.,TRUE,TRUE,TRUE,FALSE,FALSE,FALSE,FALSE,Co2Pvft
polar bear,artic,4,130,1,TRUE,170,3,null,magnataur;,45,47,0.8,very fast,100,melee,600,0,normal,medium,medium;unarmored;light;heavy;fortified,medium,fortified;,magic;pierce;siege;chaos;normal,magic;,normal;,frost aura;bash,aura - slow;stun,This aura will slows nearby enemies' movement speed.;Each attack has a 25% chance to deal 25 bonus damage and stun for 1 second.,TRUE,FALSE,TRUE,FALSE,FALSE,TRUE,FALSE,pJKBGpx
magnataur,artic,4,170,2,FALSE,0,0,polar bear;,null,115,118,1.1,fast,180,melee,330,0,siege,medium,fortified;unarmored;light;medium;heavy,fortified,light;medium;heavy,magic;pierce;siege;chaos;normal,magic;,normal;,frost aura;critical strike,aura - slow;damage,This aura will slows nearby enemies' movement speed.;Gives a 100% chance to do 1.4 times normal damage on an attack.,TRUE,FALSE,TRUE,FALSE,FALSE,FALSE,FALSE,zICDyyE
wandigoo,artic,5,180,1,TRUE,250,3,null,ancient wandigoo;,90,100,1.2,fast,180,melee,750,0,normal,heavy,medium;unarmored;light;heavy;fortified,medium,fortified;,pierce;normal;siege;chaos;magic,pierce;,magic;,evasion;,defence - evade;,Gives a 7% chance to avoid an attack.;,FALSE,FALSE,FALSE,FALSE,FALSE,FALSE,FALSE,6sHLWe3
ancient wandigoo,artic,5,250,2,FALSE,0,0,wandigoo;,null,173,187,0.9,very fast,180,melee,1770,10,normal,heavy,medium;unarmored;light;heavy;fortified,medium,fortified;,pierce;normal;siege;chaos;magic,pierce;,magic;,evasion;,defence - evade;,Gives a 12% chance to avoid an attack.;,FALSE,FALSE,FALSE,FALSE,FALSE,FALSE,FALSE,NnbPXnh
young frost dragon,artic,6,285,2,TRUE,340,4,null,azure dragon;,140,145,1.2,fast,300,ranged,1360,10,magic,unarmored,heavy;light;unarmored;medium;fortifed,heavy,fortified;,equal;,equal;,equal;,breath of frost;,splash;,Breathes a cone of frost at enemy units that deals 11 initial damage and 5 damage per second over 6 seconds.;,FALSE,FALSE,FALSE,TRUE,FALSE,FALSE,FALSE,eyzsJ2Q
azure dragon,artic,6,340,2,FALSE,0,0,young frost dragon;,null,232,247,1.3,fast,360,ranged,2195,0,magic,unarmored,heavy;light;unarmored;medium;fortifed,heavy,fortified;,equal;,equal;,equal;,azure's breath;azure's armor,splash;defence - armor & slow,Attacks deal small splash damage to both ground and air units.;Gives +3 armor and slows units who attack it.;,FALSE,FALSE,FALSE,TRUE,FALSE,FALSE,FALSE,Ejyp2fJ
gnoll warrior,beast,1,10,1,TRUE,80,1,null,gnoll savage;,6,8,1.2,fast,100,melee,60,0,normal,light,medium;unarmored;light;heavy;fortified,medium,fortified;,normal;siege;chaos;magic;pierce,siege;,pierce;,gnoll poison;,slow;,A poison attack that slows the target enemy's movement by 50% and attack by 25% for 4 seconds.;,FALSE,FALSE,TRUE,FALSE,FALSE,FALSE,FALSE,M8Iqjs1
gnoll savage,beast,1,80,0,FALSE,0,0,gnoll warrior;,null,34,38,1,fast,100,melee,430,0,normal,light,medium;unarmored;light;heavy;fortified,medium,fortified;,normal;siege;chaos;magic;pierce,siege;,pierce;,deadly poison;,slow;,A poison attack that deals 6 damage per second and slows the target enemy's movement by 70% and attack by 25% for 5 seconds.;,FALSE,FALSE,TRUE,FALSE,FALSE,FALSE,FALSE,FoAqZqH
ogre basher,beast,2,30,1,TRUE,105,1,null,ogre pulverizer;,11,13,2,slow,100,melee,175,0,siege,heavy,fortified;unarmored;light;medium;heavy,fortified,light;medium;heavy,pierce;normal;siege;chaos;magic,pierce;,magic;,club smash;,stun;,Each attack has a 25% chance to deal 20 bonus damage and stun for 1.5 seconds. Stun is reduced greatly on bosses.;,FALSE,FALSE,FALSE,FALSE,FALSE,TRUE,FALSE,QD3NN6S
ogre pulverizer,beast,2,105,0,FALSE,0,0,ogre basher;,null,41,61,1,fast,100,melee,630,0,siege,heavy,fortified;unarmored;light;medium;heavy,fortified,light;medium;heavy,pierce;normal;siege;chaos;magic,pierce;,magic;,knock out;,stun;,Each attack has a 35% chance to deal 45 bonus damage and stun for 2 seconds. Stun is reduced greatly on bosses.;,FALSE,FALSE,FALSE,FALSE,FALSE,TRUE,FALSE,RFumpSY
harpy,beast,3,70,1,TRUE,125,1,null,medusa;,25,28,1.1,fast,300,ranged,325,0,magic,light,heavy;light;unarmored;medium;fortifed,heavy,fortified;,normal;siege;chaos;magic;pierce,normal;siege,pierce;,envenom;,slow;,Deal 3 damage per second and slow movement by 25% and attack by 15% for 5 seconds.;,FALSE,FALSE,TRUE,FALSE,FALSE,FALSE,FALSE,2ThLpJK
medusa,beast,3,125,0,FALSE,0,0,harpy;,null,56,63,1,fast,300,ranged,820,0,magic,light,heavy;light;unarmored;medium;fortifed,heavy,fortified;,normal;siege;chaos;magic;pierce,normal;siege,pierce;,enchanted poison;,slow;,Poisonous barbs deal 11 damage per second and slow movement by 35% and attack by 25% for 5 seconds.;,FALSE,FALSE,TRUE,FALSE,FALSE,FALSE,FALSE,P1sGRUZ
troll fighter,beast,4,105,1,TRUE,145,2,null,troll champion;,63,72,1.5,average,425,ranged,470,0,normal,medium,medium;unarmored;light;heavy;fortified,medium,fortified;,magic;pierce;siege;chaos;normal,magic;,normal;,null,null,null,FALSE,FALSE,FALSE,FALSE,FALSE,FALSE,FALSE,We0KDzo
troll champion,beast,4,145,1,FALSE,0,0,troll fighter;,null,105,117,1.5,average,425,ranged,810,0,normal,medium,medium;unarmored;light;heavy;fortified,medium,fortified;,magic;pierce;siege;chaos;normal,magic;,normal;,adrenaline rush;,aura - speed;,Boosts movement speed and attack speed of friendly units by 8%.;,TRUE,TRUE,FALSE,FALSE,FALSE,FALSE,FALSE,7wyOaMU
grizzly,beast,5,180,1,TRUE,205,2,null,greymane;,99,115,1.2,fast,100,melee,925,0,siege,heavy,fortified;unarmored;light;medium;heavy,fortified,light;medium;heavy,pierce;normal;siege;chaos;magic,pierce;,magic;,null,null,null,FALSE,FALSE,FALSE,FALSE,FALSE,FALSE,FALSE,skBSA6E
greymane,beast,5,205,1,FALSE,0,0,grizzly;,null,142,168,0.8,very fast,100,melee,1585,25,siege,heavy,fortified;unarmored;light;medium;heavy,fortified,light;medium;heavy,pierce;normal;siege;chaos;magic,pierce;,magic;,battle cry;,self buff;,Bear gets pumped up! Adds 20% bonus damage and 5 armor for 25 seconds.;,FALSE,FALSE,FALSE,FALSE,FALSE,FALSE,FALSE,BDscpoR
spawn of dragon,beast,6,265,2,TRUE,320,4,null,dragon aspect;,141,159,1.5,average,100,melee,1360,0,normal,heavy,medium;unarmored;light;heavy;fortified,medium,fortified;,pierce;normal;siege;chaos;magic,pierce;,magic;,circle slash;,splash - ground;,Attacks deal very small splash damage to land units.;,FALSE,FALSE,FALSE,TRUE,FALSE,FALSE,FALSE,CEP1Ncr
dragon aspect,beast,6,320,2,FALSE,0,0,spawn of dragon;,null,232,247,1.3,fast,350,ranged,2195,0,normal,heavy,medium;unarmored;light;heavy;fortified,medium,fortified;,pierce;normal;siege;chaos;magic,pierce;,magic;,whitefire;,splash;,Attacks deal small splash damage to both ground and air units.;,FALSE,FALSE,FALSE,TRUE,FALSE,FALSE,FALSE,8tl3azr
goblin scientist,demi-human,1,20,1,TRUE,50,1,null,dwarven engineer;,10,11,1,fast,400,ranged,95,0,siege,light,fortified;unarmored;light;medium;heavy,fortified,light;medium;heavy,normal;siege;chaos;magic;pierce,normal;siege,pierce;,null,null,null,FALSE,FALSE,FALSE,FALSE,FALSE,FALSE,FALSE,IE6uXLE
dwarven engineer,demi-human,1,50,0,TRUE,300,2,goblin scientist;,mutant;,21,27,1,fast,400,ranged,265,0,siege,light,fortified;unarmored;light;medium;heavy,fortified,light;medium;heavy,normal;siege;chaos;magic;pierce,normal;siege,pierce;,mortar;,splash - ground;,Attacks deal small splash damage to ground units.;,FALSE,FALSE,FALSE,TRUE,FALSE,FALSE,FALSE,CNhmas2
mutant,demi-human,1,300,2,FALSE,0,0,goblin scientist;dwarven engineer,null,209,220,1.3,fast,400,ranged,1600,0,siege,heavy,fortified;unarmored;light;medium;heavy,fortified,light;medium;heavy,pierce;normal;siege;chaos;magic,pierce;,magic;,inject steroids;,self buff;,Buy steroids to increase damage by 25% and hitpoints by 20% for the next level only. This ability must be manually cast before the round starts.;,FALSE,FALSE,FALSE,FALSE,FALSE,FALSE,FALSE,yhgPFpf
servant,demi-human,2,40,1,TRUE,120,1,null,slavemaster;,25,35,1.5,average,100,melee,200,0,normal,medium,medium;unarmored;light;heavy;fortified,medium,fortified;,magic;pierce;siege;chaos;normal,pierce;siege,normal;,null,null,null,FALSE,FALSE,FALSE,FALSE,FALSE,FALSE,FALSE,SMnbuHU
slavemaster,demi-human,2,120,1,FALSE,0,0,servant;,null,65,75,1,fast,100,melee,770,0,normal,medium,medium;unarmored;light;heavy;fortified,medium,fortified;,magic;pierce;siege;chaos;normal,pierce;siege,normal;,slave trade;,gold;,When the round ends you will receive 2 gold for each surviving Servant and 3 gold for each surviving Slavemaster. However if all Slavemasters are dead no gold is received. Does not stack.;,FALSE,FALSE,FALSE,FALSE,FALSE,FALSE,FALSE,Q09PxNx
tribesman,demi-human,3,80,1,TRUE,140,2,null,alpha male;,26,35,0.8,very fast,325,ranged,385,20,pierce,medium,light;unarmored;medium;heavy;fortified,light,fortified;,magic;pierce;siege;chaos;normal,pierce;siege,normal;,throw net;,cc;,Traps an enemy binding it to the ground so that it cannot move. If cast on an air unit it will pull the unit into melee range. Lasts 7 seconds.;,FALSE,FALSE,TRUE,FALSE,FALSE,FALSE,FALSE,yjMIRBR
alpha male,demi-human,3,140,1,FALSE,0,0,tribesman;,null,56,67,0.8,very fast,325,ranged,900,0,pierce,medium,light;unarmored;medium;heavy;fortified,light,fortified;,magic;pierce;siege;chaos;normal,pierce;siege,normal;,throw net; fury,cc;self buff,Traps an enemy binding it to the ground so that it cannot move. If cast on an air unit it will pull the unit into melee range. Lasts 7 seconds.;Has a 20% chance to increase attack speed by 60% for 3 seconds with each attack. Does not stack with itself.,FALSE,FALSE,TRUE,FALSE,FALSE,FALSE,FALSE,GuB8TH8
medicine man,demi-human,4,110,1,TRUE,160,2,null,oracle;,39,55,1.4,fast,500,ranged,450,25,magic,light,heavy;light;unarmored;medium;fortifed,heavy,fortified;,normal;siege;chaos;magic;pierce,siege;,pierce;,mend;,heal;,Calls forth a wave of healing energy that bounces up to 4 times healing 90 hit points on the primary target. Each jump heals 25% less hitpoints.;,FALSE,FALSE,FALSE,FALSE,TRUE,FALSE,FALSE,IGQs0S6
oracle,demi-human,4,160,1,FALSE,0,0,medicine man;,null,87,109,1.4,fast,500,ranged,935,0,magic,light,heavy;light;unarmored;medium;fortifed,heavy,fortified;,normal;siege;chaos;magic;pierce,siege;,pierce;,guardian spirit;,buff;,At the beginning of the level creates guardian spirits above adjacent units causing them to take only 77% of all incoming damage. Lasts the entire level.;,FALSE,TRUE,FALSE,FALSE,FALSE,FALSE,FALSE,wBXjAMr
harlot,demi-human,5,180,1,TRUE,180,2,null,mistress;,100,108,1.05,fast,100,melee,835,0,pierce,heavy,light;unarmored;medium;heavy;fortified,light,fortified;,pierce;normal;siege;chaos;magic,pierce;,magic;,null,null,null,FALSE,FALSE,FALSE,FALSE,FALSE,FALSE,FALSE,MQgAo0E
mistress,demi-human,5,180,1,FALSE,0,0,harlot;,null,153,169,1.05,fast,100,melee,1580,40,pierce,heavy,light;unarmored;medium;heavy;fortified,light,fortified;,pierce;normal;siege;chaos;magic,pierce;,magic;,seduce;,slow & miss;,Seduces enemy units in a small area causes them to miss on 30% of their attacks but increase their attack speed by 10%. Lasts 7 seconds.;,FALSE,FALSE,TRUE,FALSE,FALSE,FALSE,FALSE,g0F23dj
minotaur,demi-human,6,275,2,TRUE,325,4,null,bigfoot;,128,152,1.2,fast,100,melee,1415,15,normal,heavy,medium;unarmored;light;heavy;fortified,medium,fortified;,pierce;normal;siege;chaos;magic,pierce;,magic;,tremor;,stun;,Slams the ground dealing 20 damage and slowing the movement and attack speed of nearby enemy units by 10% for 4 seconds. Affects ground enemies only.;,FALSE,FALSE,TRUE,TRUE,FALSE,TRUE,FALSE,MKHnfTI
bigfoot,demi-human,6,325,2,FALSE,0,0,minotaur;,null,233,257,1.2,fast,90,melee,2465,20,normal,heavy,medium;unarmored;light;heavy;fortified,medium,fortified;,pierce;normal;siege;chaos;magic,pierce;,magic;,fissure;,stun;,Rips open the ground dealing 75 damage and stunning enemy ground units for 1 second.;,FALSE,FALSE,FALSE,TRUE,FALSE,TRUE,FALSE,AqHN7j3
proton,element,1,20,1,TRUE,140,1,null,adept;,13,13,1.25,fast,250,ranged,100,0,chaos,light,equal;,equal,equal;,normal;siege;chaos;magic;pierce,normal;siege,pierce;,null,null,null,FALSE,FALSE,FALSE,FALSE,FALSE,FALSE,FALSE,Ony2akE
adept,element,1,140,0,FALSE,0,0,proton;,null,100,100,1.45,fast,250,ranged,560,0,chaos,light,equal;,equal,equal;,normal;siege;chaos;magic;pierce,normal;siege,pierce;,null,null,null,FALSE,FALSE,FALSE,FALSE,FALSE,FALSE,FALSE,9lygJVo
aqua spirit,element,2,50,1,TRUE,130,1,null,oceanus;,13,18,0.8,very fast,375,ranged,200,0,normal,medium,medium;unarmored;light;heavy;fortified,medium,fortified;,magic;pierce;siege;chaos;normal,magic;,normal;,water splash;,splash;,Attacks bounce to strike one additional nearby enemy.;,FALSE,FALSE,FALSE,TRUE,FALSE,FALSE,FALSE,5KSskgN
oceanus,element,2,130,0,FALSE,0,0,aqua spirit;,null,49,54,0.9,very fast,375,ranged,575,0,normal,medium,medium;unarmored;light;heavy;fortified,medium,fortified;,magic;pierce;siege;chaos;normal,magic;,normal;,deluge;,splash;,Attacks bounce to strike two additional nearby enemies. Improved range over Water Splash.;,FALSE,FALSE,FALSE,TRUE,FALSE,FALSE,FALSE,tMJ5dMl
watcher,element,3,80,1,TRUE,120,2,null,violet;,36,42,0.9,very fast,300,ranged,335,0,magic,light,heavy;light;unarmored;medium;fortifed,heavy,fortified;,normal;siege;chaos;magic;pierce,normal;siege,pierce;,null,null,null,FALSE,FALSE,FALSE,FALSE,FALSE,FALSE,FALSE,AJLWUTq
violet,element,3,120,1,FALSE,0,0,watcher;,null,51,61,0.8,very fast,300,ranged,850,0,magic,medium,heavy;light;unarmored;medium;fortifed,heavy,fortified;,magic;pierce;siege;chaos;normal,magic;,normal;,blue wind;,splash;,Sends currents of wind at nearby enemies dealing 10 damage each gust (3 gusts per second).;,FALSE,FALSE,FALSE,TRUE,FALSE,FALSE,FALSE,pZcH4wv
mudman,element,4,130,1,TRUE,170,2,null,golem;,75,81,1.35,fast,100,melee,735,0,normal,heavy,medium;unarmored;light;heavy;fortified,medium,fortified;,pierce;normal;siege;chaos;magic,pierce;,normal;siege,null,null,null,FALSE,FALSE,FALSE,FALSE,FALSE,FALSE,FALSE,8dfzzWO
golem,element,4,170,1,FALSE,0,0,mudman;,null,166,180,1.3,fast,100,melee,1490,0,siege,heavy,fortified;unarmored;light;medium;heavy,fortified,light;medium;heavy,pierce;normal;siege;chaos;magic,pierce;,normal;siege,null,null,null,FALSE,FALSE,FALSE,FALSE,FALSE,FALSE,FALSE,dOjuE5d
disciple,element,5,200,2,TRUE,260,3,null,messiah;,57,71,1,fast,550,ranged,670,50,pierce,light,light;unarmored;medium;heavy;fortified,light,fortified;,normal;siege;chaos;magic;pierce,normal;siege,pierce;,mana burst;,damage;,Uses mana to add 60 bonus damage to an attack.;,FALSE,FALSE,FALSE,FALSE,FALSE,FALSE,FALSE,mHcJ9cu
messiah,element,5,260,1,FALSE,0,0,disciple;,null,119,125,0.9,very fast,550,ranged,1085,50,magic,light,heavy;light;unarmored;medium;fortifed,heavy,fortified;,normal;siege;chaos;magic;pierce,normal;siege,pierce;,mana burst;amplify magic,damage; aura - regen,Uses mana to add 60 bonus damage to an attack.;Increases nearby friendly units' mana regeneration by 5% of max per second.,TRUE,TRUE,FALSE,FALSE,FALSE,FALSE,FALSE,doCHKIV
seer of darkness,element,6,345,2,TRUE,400,4,null,fenix;,142,156,1,fast,400,ranged,1050,160,magic,medium,heavy;light;unarmored;medium;fortifed,heavy,fortified;,magic;pierce;siege;chaos;normal,magic;,normal;,energy shield;,defence - shield;,Uses mana to nullify enemy attacks. Every 1 point of mana negates 4 damage. Affects 90% of incoming damage.;,FALSE,FALSE,FALSE,FALSE,FALSE,FALSE,FALSE,Mb3Y9sE
fenix,element,6,400,2,FALSE,0,0,seer of darkness;,null,193,205,0.98,very fast,400,ranged,1700,350,magic,medium,heavy;light;unarmored;medium;fortifed,heavy,fortified;,magic;pierce;siege;chaos;normal,magic;,normal;,energy shield;focus energy,defence - shield;damage,Uses mana to nullify enemy attacks. Every 1 point of mana negates 4 damage. Affects 90% of incoming damage.;Adds 1 bonus damage to every attack for every 3 points of current mana. This skill does not consume mana itself.,FALSE,FALSE,FALSE,FALSE,FALSE,FALSE,FALSE,1SZbF25
colt,elf,1,20,1,TRUE,100,2,null,rider;,10,12,1,fast,100,melee,90,0,normal,unarmored,medium;unarmored;light;heavy;fortified,medium,fortified;,equal;,equal;,equal;,null,null,null,FALSE,FALSE,FALSE,FALSE,FALSE,FALSE,FALSE,9SWJqQU
rider,elf,1,100,1,FALSE,0,0,colt;,null,66,70,1.1,fast,200,melee,400,0,pierce,unarmored,light;unarmored;medium;heavy;fortified,light,fortified;,equal;,equal;,equal;,null,null,null,FALSE,FALSE,FALSE,FALSE,FALSE,FALSE,FALSE,GCOkeCx
novice,elf,2,40,1,TRUE,110,1,null,crusader;,18,20,1,fast,100,melee,210,0,normal,light,medium;unarmored;light;heavy;fortified,medium,fortified;,normal;siege;chaos;magic;pierce,normal;siege,pierce;,null,null,null,FALSE,FALSE,FALSE,FALSE,FALSE,FALSE,FALSE,nOkleOD
crusader,elf,2,110,0,FALSE,0,0,novice;,null,52,60,0.8,very fast,100,melee,770,0,normal,heavy,medium;unarmored;light;heavy;fortified,medium,fortified;,pierce;normal;siege;chaos;magic,pierce;,magic;,null,null,null,FALSE,FALSE,FALSE,FALSE,FALSE,FALSE,FALSE,fwXymVt
sentry,elf,3,80,1,TRUE,160,2,null,nightsaber;,16,24,1,fast,400,ranged,350,0,pierce,medium,light;unarmored;medium;heavy;fortified,light,fortified;,magic;pierce;siege;chaos;normal,magic;,normal;,magic missile;,damage;,Deals 20 damage with each attack.;,FALSE,FALSE,FALSE,FALSE,FALSE,FALSE,FALSE,0fjviLI
nightsaber,elf,3,160,1,FALSE,0,0,sentry;,null,50,54,0.8,very fast,400,ranged,850,0,pierce,medium,light;unarmored;medium;heavy;fortified,light,fortified;,magic;pierce;siege;chaos;normal,magic;,normal;,moon glaive;,splash;,Gives the Huntress the ability to strike additional units with her bouncing glaive attacks.;,FALSE,FALSE,FALSE,TRUE,FALSE,FALSE,FALSE,2NoO9OJ
prisoner,elf,4,125,1,TRUE,170,3,null,maverick;,41,47,0.8,very fast,300,ranged,550,0,chaos,fortified,equal;,equal,equal;,pierce;magic;normal;chaos;siege,pierce;magic,siege;,null,null,null,FALSE,FALSE,FALSE,FALSE,FALSE,FALSE,FALSE,zMna32S
maverick,elf,4,170,2,FALSE,0,0,prisoner;,null,95,101,1,fast,300,ranged,920,30,chaos,medium,equal;,equal,equal;,magic;pierce;siege;chaos;normal,magic;,normal;,mirage;,summon;,Confuses the enemy by creating an illusion illusions deal 50% and take 200% damage. Lasts 60 seconds.;,FALSE,FALSE,FALSE,FALSE,FALSE,FALSE,TRUE,Dv5LglV
druid,elf,5,200,2,TRUE,220,3,null,sword mage;ascendant,76,84,1,fast,500,ranged,815,10,magic,unarmored,heavy;light;unarmored;medium;fortifed,heavy,fortified;,equal;,equal;,equal;,wrath of nature;,splash;,Calls forth a bolt of lightning that bounces up to 5 times dealing 100 damage on the primary target. Each jump deals less damage.;,FALSE,FALSE,FALSE,TRUE,FALSE,FALSE,FALSE,pgj6iet
sword mage,elf,5,220,1,FALSE,0,0,druid;,null,120,130,0.9,very fast,180,melee,1850,12,magic,medium,heavy;light;unarmored;medium;fortifed,heavy,fortified;,magic;pierce;siege;chaos;normal,magic;,normal;,enchant fire;,damage;,Enchants weapon with fire adding 60 bonus fire damage on attacks.;,FALSE,FALSE,FALSE,FALSE,FALSE,FALSE,FALSE,94U2yve
ascendant,elf,5,220,1,FALSE,0,0,druid;,null,111,121,0.8,very fast,500,ranged,1450,10,magic,unarmored,heavy;light;unarmored;medium;fortifed,heavy,fortified;,equal;,equal;,equal;,faerie fire;,debuff - armor;,Reduce enemy's armor by 4. Last 5 seconds.;,FALSE,FALSE,TRUE,FALSE,FALSE,FALSE,FALSE,RQP6yHg
moon guard,elf,6,300,2,TRUE,350,4,null,warden;,79,89,0.6,very fast,100,melee,1350,10,normal,heavy,medium;unarmored;light;heavy;fortified,medium,fortified;,pierce;normal;siege;chaos;magic,pierce;,magic;,fan of knives;,splash;,The Moon Guard hurls a flurry of knives damaging nearby enemies. Each knife does 60 damage. Max 5 targets only.;,FALSE,FALSE,FALSE,TRUE,FALSE,FALSE,FALSE,Wr3ZpLh
warden,elf,6,350,2,FALSE,0,0,moon guard;,null,70,80,0.5,very fast,100,melee,2670,0,normal,heavy,medium;unarmored;light;heavy;fortified,medium,fortified;,pierce;normal;siege;chaos;magic,pierce;,magic;,coupe de grace;,damage;,The Warden backstabs enemies with every hit and has a 10% chance to evade an attack.;,FALSE,FALSE,FALSE,FALSE,FALSE,FALSE,FALSE,Mvo9DQd
specter,ghost,1,25,1,TRUE,90,1,null,wraith;,4,5,0.33,very fast,500,ranged,75,0,magic,unarmored,heavy;light;unarmored;medium;fortifed,heavy,fortified;,equal;,equal;,equal;,phase out;,defence - evade;,Has a 15% chance to dodge an attack.;,FALSE,FALSE,FALSE,FALSE,FALSE,FALSE,FALSE,dEMZ7kO
wraith,ghost,1,90,0,TRUE,150,1,specter;,mercurial;,14,20,0.33,very fast,600,ranged,230,30,magic,unarmored,heavy;light;unarmored;medium;fortifed,heavy,fortified;,equal;,equal;,equal;,disturb;,slow;,Slows an enemy's attack rate by 20% and movement by 20% for 7 seconds.;,FALSE,FALSE,TRUE,FALSE,FALSE,FALSE,FALSE,MpWGK8F
mercurial,ghost,1,150,1,FALSE,0,0,specter;wraith,null,35,40,0.33,very fast,650,ranged,440,30,magic,unarmored,heavy;light;unarmored;medium;fortifed,heavy,fortified;,equal;,equal;,equal;,traumatize;,slow;,Slows an enemy's attack rate by 30% and movement by 40% for 7 seconds.;,FALSE,FALSE,TRUE,FALSE,FALSE,FALSE,FALSE,8BUy5mr
wanderer,ghost,2,50,1,TRUE,120,1,null,soul of hero;soul of villain,16,20,0.9,very fast,100,melee,285,0,normal,medium,medium;unarmored;light;heavy;fortified,medium,fortified;,magic;pierce;siege;chaos;normal,magic;,normal;,null,null,null,FALSE,FALSE,FALSE,FALSE,FALSE,FALSE,FALSE,Lck299l
soul of hero,ghost,2,120,0,FALSE,0,0,wanderer;,null,67,71,1,fast,100,melee,835,0,normal,medium,medium;unarmored;light;heavy;fortified,medium,fortified;,magic;pierce;siege;chaos;normal,magic;,normal;,change stance;,self buff;,Change to attacking stance to deal more damage. Change to defensive stance for more hit points.;,FALSE,FALSE,FALSE,FALSE,FALSE,FALSE,FALSE,UcKv7gZ
soul of villain,ghost,2,120,0,FALSE,0,0,wanderer;,null,74,80,1.2,fast,400,ranged,530,0,magic,light,heavy;light;unarmored;medium;fortifed,heavy,fortified;,normal;siege;chaos;magic;pierce,normal;siege,pierce;,violate;,debuff - armor;,Attacks reduce the armor of enemy units by 4 for 15 seconds.;,FALSE,FALSE,TRUE,FALSE,FALSE,FALSE,FALSE,YRFd1Sb
phantom,ghost,3,125,1,TRUE,130,2,null,hell raiser;,0,0,1.6,average,250,ranged,475,15,magic,light,heavy;light;unarmored;medium;fortifed,heavy,fortified;,normal;siege;chaos;magic;pierce,normal;siege,pierce;,silent scream;,aura - damage;,Deals 30 damage to up to 3 units around the Phantom.;,TRUE,FALSE,FALSE,FALSE,FALSE,FALSE,FALSE,fq339R8
hell raiser,ghost,3,130,1,FALSE,0,0,phantom;,null,0,0,1.25,fast,250,ranged,580,15,magic,light,heavy;light;unarmored;medium;fortifed,heavy,fortified;,normal;siege;chaos;magic;pierce,normal;siege,pierce;,cacophony;,aura - damage;,Deals 55 damage to up to 3 units around the Hell Raiser.;,TRUE,FALSE,FALSE,FALSE,FALSE,FALSE,FALSE,dQZVFb8
outcast,ghost,4,200,2,TRUE,210,3,null,forsaken one;,73,80,0.85,very fast,100,melee,1040,0,normal,heavy,medium;unarmored;light;heavy;fortified,medium,fortified;,pierce;normal;siege;chaos;magic,pierce;,magic;,null,null,null,FALSE,FALSE,FALSE,FALSE,FALSE,FALSE,FALSE,2GAuVEE
forsaken one,ghost,4,210,1,FALSE,0,0,outcast;,null,105,119,0.75,very fast,90,melee,1705,0,siege,heavy,fortified;unarmored;light;medium;heavy,fortified,light;medium;heavy,pierce;normal;siege;chaos;magic,pierce;,magic;,insanity;,self buff;,Has a 33% chance to gain the Insanity buff for 6 seconds with each attack. Insanity increases damage by 20% armor by 10. Does not stack with itself.;,FALSE,FALSE,FALSE,FALSE,FALSE,FALSE,FALSE,bV1qJLi
apparition,ghost,5,250,2,TRUE,200,3,null,gravekeeper;,118,130,1,fast,500,ranged,665,0,pierce,medium,light;unarmored;medium;heavy;fortified,light,fortified;,magic;pierce;siege;chaos;normal,magic;,normal;,sickness aura;,aura - reduce enemy damage;,Decreases the damage of nearby enemies by 5%. (Stackable with Despair Aura).;,TRUE,FALSE,TRUE,FALSE,FALSE,FALSE,FALSE,0BPf56O
gravekeeper,ghost,5,200,1,FALSE,0,0,apparition;,null,209,219,1,fast,500,ranged,1025,0,pierce,medium,light;unarmored;medium;heavy;fortified,light,fortified;,magic;pierce;siege;chaos;normal,magic;,normal;,despair aura;,aura - reduce enemy damage;,Decreases the damage of nearby enemies by 10%. (Stackable with Sickness Aura).;,TRUE,FALSE,TRUE,FALSE,FALSE,FALSE,FALSE,6z8LiH9
dark priest,ghost,6,325,2,TRUE,350,4,null,meridian;,100,121,0.82,very fast,700,ranged,690,50,magic,unarmored,heavy;light;unarmored;medium;fortifed,heavy,fortified;,equal;,equal;,equal;,haunting;,slow - attack;,Haunts an enemy dealing 45 damage per second and slowing attack speed by 25% for 8 seconds.;,FALSE,FALSE,TRUE,FALSE,FALSE,FALSE,FALSE,Quvo2I7
meridian,ghost,6,350,2,FALSE,0,0,dark priest;,null,196,224,1,fast,700,ranged,1000,1100,magic,unarmored,heavy;light;unarmored;medium;fortifed,heavy,fortified;,equal;,equal;,equal;,ghost essence;catastrophe,defense - shield;slow,Uses mana to nullify enemy attacks. Every 1 points of mana negates 1 damage.;Haunts an enemy dealing 90 damage per second and slowing attack speed by 50% for 8 seconds. If a unit dies with the Catastrophe buff it will rupture dealing 70 AOE damage.,FALSE,FALSE,TRUE,TRUE,FALSE,FALSE,FALSE,TeOsHFC
small land mine,goblin,1,20,0,TRUE,50,1,null,medium land mine;,1,1,1,fast,10,melee,20,0,normal,unarmored,medium;unarmored;light;heavy;fortified,medium,fortified;,equal;,equal;,equal;,kaboom!;,splash;,Deals 30 damage in a small area (up to 200 range).;,FALSE,FALSE,FALSE,TRUE,FALSE,FALSE,FALSE,SaxGAe2
medium land mine,goblin,1,50,1,TRUE,90,1,small land mine;,ultra land mine;,1,1,1,fast,10,melee,50,0,normal,unarmored,medium;unarmored;light;heavy;fortified,medium,fortified;,equal;,equal;,equal;,kaboom!;,splash;,Deals 60 damage in a medium area (up to 300 range).;,FALSE,FALSE,FALSE,TRUE,FALSE,FALSE,FALSE,Ep8BQ9q
ultra land mine,goblin,1,90,0,FALSE,0,0,small land mine;medium land mine ,null,1,1,1,fast,10,melee,90,0,normal,unarmored,medium;unarmored;light;heavy;fortified,medium,fortified;,equal;,equal;,equal;,kaboom!;,splash;,Deals 80 damage in a large area (up to 400 range).;,FALSE,FALSE,FALSE,TRUE,FALSE,FALSE,FALSE,OweZoKe
geomancer,goblin,2,40,1,TRUE,130,1,null,clockwreck;,15,17,0.8,very fast,90,melee,200,0,normal,medium,medium;unarmored;light;heavy;fortified,medium,fortified;,magic;pierce;siege;chaos;normal,magic;,normal;,null,null,null,FALSE,FALSE,FALSE,FALSE,FALSE,FALSE,FALSE,4iKLJmF
clockwreck,goblin,2,130,0,FALSE,0,0,geomancer;,null,76,84,1,fast,100,melee,770,20,normal,fortified,medium;unarmored;light;heavy;fortified,medium,fortified;,pierce;magic;normal;chaos;siege,pierce;magic,siege;,cluster rockets;,splash & stun;,Bombards an area with rockets dealing up to 10 damage to nearby enemy units and stunning them for 1 second.;,FALSE,FALSE,FALSE,TRUE,FALSE,TRUE,FALSE,zjNUg0m
machine turret,goblin,3,90,1,TRUE,160,2,null,machine robot;,23,27,1,fast,500,ranged,380,0,pierce,light,light;unarmored;medium;heavy;fortified,light,fortified;,normal;siege;chaos;magic;pierce,normal;siege,pierce;,burst shot;,splash;,Bullets may hit 2 additional targets with reduced damage.;,FALSE,FALSE,FALSE,TRUE,FALSE,FALSE,FALSE,Wjuf8BJ
machine robot,goblin,3,160,1,FALSE,0,0,machine turret;,null,62,68,1,fast,500,ranged,900,0,pierce,light,light;unarmored;medium;heavy;fortified,light,fortified;,normal;siege;chaos;magic;pierce,normal;siege,pierce;,burst shot;,splash;,Bullets may hit 2 additional targets with reduced damage.;,FALSE,FALSE,FALSE,TRUE,FALSE,FALSE,FALSE,T26t2nM
flying machine,goblin,4,130,1,TRUE,170,2,null,helicopter;,50,60,1,fast,350,ranged,600,0,pierce,medium,light;unarmored;medium;heavy;fortified,light,fortified;,magic;pierce;siege;chaos;normal,magic;,normal;,telescope;,aura - damage;,An aura that gives nearby friendly units a 8% bonus damage to their ranged attacks.;,TRUE,TRUE,FALSE,FALSE,FALSE,FALSE,FALSE,JGUbJxu
helicopter,goblin,4,170,1,FALSE,0,0,flying machine;,null,100,140,1,fast,350,ranged,1200,0,magic,medium,heavy;light;unarmored;medium;fortifed,heavy,fortified;,magic;pierce;siege;chaos;normal,magic;,normal;,advanced telescope;,aura - damage;,An aura that gives nearby friendly units a 16% bonus damage to their ranged attacks (does not stack with Telescope).;,TRUE,TRUE,FALSE,FALSE,FALSE,FALSE,FALSE,ZiQKlIh
goblin alchemist,goblin,5,180,1,TRUE,220,3,null,goblin blaster;,40,45,1,fast,120,melee,900,0,normal,light,medium;unarmored;light;heavy;fortified,medium,fortified;,normal;siege;chaos;magic;pierce,normal;siege,pierce;,chemical rage;,self buff;,The Alchemist causes his Ogre to enter a chemically induced rage increasing movement and attack rate by 100%.;,FALSE,FALSE,FALSE,FALSE,FALSE,FALSE,FALSE,CdL9KZ1
goblin blaster,goblin,5,220,2,FALSE,0,0,goblin alchemist;,null,140,160,1,fast,180,melee,1850,0,normal,heavy,medium;unarmored;light;heavy;fortified,medium,fortified;,pierce;normal;siege;chaos;magic,pierce;,magic;,overclocking;,self buff;,The machine will run at higher clock rates. Increases unit's attack rate by 40% and movement speed by 5% for 18 seconds. 30 seconds cooldown.;,FALSE,FALSE,FALSE,FALSE,FALSE,FALSE,FALSE,PpwdCwg
steamroller,goblin,6,305,2,TRUE,350,4,null,assault tank;,130,150,1,fast,180,melee,1350,0,siege,fortified,fortified;unarmored;light;medium;heavy,fortified,light;medium;heavy,pierce;magic;normal;chaos;siege,pierce;magic,siege;,goblin driver;,summon;,Goblin Driver will jump out of the tank before destruction.;,FALSE,FALSE,FALSE,FALSE,FALSE,FALSE,TRUE,RMmCRFf
assault tank,goblin,6,350,2,FALSE,0,0,steamroller;,null,252,268,1,fast,325,ranged,2300,0,siege,fortified,fortified;unarmored;light;medium;heavy,fortified,light;medium;heavy,pierce;magic;normal;chaos;siege,pierce;magic,siege;,goblin driver;,summon;,Goblin Driver will jump out of the tank before destruction.;,FALSE,FALSE,FALSE,FALSE,FALSE,FALSE,TRUE,QBDlNjJ
morph [tier 1],hybrid,1,18,1,TRUE,0,0,null,null,0,0,0,null,0,null,0,0,null,null,null,null,null,null,null,null,null,null,null,FALSE,FALSE,FALSE,FALSE,FALSE,FALSE,FALSE,cg0KlZi
morph [tier 2],hybrid,2,45,1,TRUE,0,0,null,null,0,0,0,null,0,null,0,0,null,null,null,null,null,null,null,null,null,null,null,FALSE,FALSE,FALSE,FALSE,FALSE,FALSE,FALSE,Fglayhg
morph [tier 3],hybrid,3,85,1,TRUE,0,0,null,null,0,0,0,null,0,null,0,0,null,null,null,null,null,null,null,null,null,null,null,FALSE,FALSE,FALSE,FALSE,FALSE,FALSE,FALSE,TIQfA9K
morph [tier 4],hybrid,4,135,1,TRUE,0,0,null,null,0,0,0,null,0,null,0,0,null,null,null,null,null,null,null,null,null,null,null,FALSE,FALSE,FALSE,FALSE,FALSE,FALSE,FALSE,AGEDoGL
morph [tier 5],hybrid,5,200,2,TRUE,0,0,null,null,0,0,0,null,0,null,0,0,null,null,null,null,null,null,null,null,null,null,null,FALSE,FALSE,FALSE,FALSE,FALSE,FALSE,FALSE,zoY6Bqg
morph [tier 6],hybrid,6,305,2,TRUE,0,0,null,null,0,0,0,null,0,null,0,0,null,null,null,null,null,null,null,null,null,null,null,FALSE,FALSE,FALSE,FALSE,FALSE,FALSE,FALSE,LzzRtQ0
hatchling,marine,1,10,1,TRUE,50,1,null,swamprunner;,9,10,1.7,average,100,melee,55,0,normal,unarmored,medium;unarmored;light;heavy;fortified,medium,fortified;,equal;,equal;,equal;,null,null,null,FALSE,FALSE,FALSE,FALSE,FALSE,FALSE,FALSE,G4zHBJ8
swamprunner,marine,1,50,0,TRUE,90,0,hatchling;,fangtooth;defiler,24,60,1,fast,100,melee,280,0,normal,unarmored,medium;unarmored;light;heavy;fortified,medium,fortified;,equal;,equal;,equal;,null,null,null,FALSE,FALSE,FALSE,FALSE,FALSE,FALSE,FALSE,ysSYTxW
fangtooth,marine,1,90,0,FALSE,0,0,hatchling;swamprunner,null,51,57,0.8,very fast,90,melee,660,5,normal,unarmored,medium;unarmored;light;heavy;fortified,medium,fortified;,equal;,equal;,equal;,feast;,self buff;,Regains 25 hitpoints every 5 attacks.;,FALSE,FALSE,FALSE,FALSE,FALSE,FALSE,FALSE,STOD2JO
defiler,marine,1,90,0,FALSE,0,0,hatchling;swamprunner,null,65,69,1.1,fast,90,melee,690,20,chaos,unarmored,equal;,equal,equal;,equal;,equal;,equal;,biotoxin;,slow;,Uses mana to slow an enemy's movement and attack by 20% for 5 seconds. Movement speed reduction stacks.;,FALSE,FALSE,TRUE,FALSE,FALSE,FALSE,FALSE,KwvDy8z
egg sack,marine,2,50,1,TRUE,120,1,null,sky dragon;,16,18,1,fast,400,ranged,260,0,magic,fortified,heavy;light;unarmored;medium;fortifed,heavy,fortified;,pierce;magic;normal;chaos;siege,pierce;magic,siege;,withdraw;,self buff;,Causes this unit to attack 90% slower but become impervious to damage for 1.5 seconds. Automatically casts when 10% or less hitpoints. May not activate if this unit is killed too quickly.;,FALSE,FALSE,FALSE,FALSE,FALSE,FALSE,FALSE,4d3Z8yW
sky dragon,marine,2,120,0,FALSE,0,0,egg sack;,null,62,72,1,fast,400,ranged,635,0,magic,medium,heavy;light;unarmored;medium;fortifed,heavy,fortified;,magic;pierce;siege;chaos;normal,magic;,normal;,brawl;,damage;,Has a powerful attack against air units.;,FALSE,FALSE,FALSE,FALSE,FALSE,FALSE,FALSE,N6rAVmE
bottom feeder,marine,3,85,1,TRUE,140,2,null,king claw;,41,46,1.2,fast,180,melee,400,0,siege,heavy,fortified;unarmored;light;medium;heavy,fortified,light;medium;heavy,pierce;normal;siege;chaos;magic,pierce;,magic;,delicacy;,gold;,Suprisingly tasty when cooked. This unit sells for 90% of its original cost!;,FALSE,FALSE,FALSE,FALSE,FALSE,FALSE,FALSE,yIoNCAM
king claw,marine,3,140,1,FALSE,0,0,bottom feeder;,null,102,118,1.2,fast,180,melee,1000,0,siege,heavy,fortified;unarmored;light;medium;heavy,fortified,light;medium;heavy,pierce;normal;siege;chaos;magic,pierce;,magic;,delicacy;,gold;,Suprisingly tasty when cooked. This unit sells for 90% of its original cost!;,FALSE,FALSE,FALSE,FALSE,FALSE,FALSE,FALSE,7UR3fby
mermaid,marine,4,130,1,TRUE,170,2,null,highborne;,43,54,1.1,fast,500,ranged,505,25,pierce,light,light;unarmored;medium;heavy;fortified,light,fortified;,normal;siege;chaos;magic;pierce,normal;siege,pierce;,water sphere;,defense - armor & slow;,Envelops a friendly unit in a shield of water for 10 seconds giving it +5 armor and slowing units who attack it.;,FALSE,TRUE,TRUE,FALSE,FALSE,FALSE,FALSE,DRlzDMW
highborne,marine,4,170,1,FALSE,0,0,mermaid;,null,90,101,1.1,fast,500,ranged,930,20,pierce,light,light;unarmored;medium;heavy;fortified,light,fortified;,normal;siege;chaos;magic;pierce,normal;siege,pierce;,water sphere;storm geyser,defense - armor & slow; buff - regen & splash,Envelops a friendly unit in a shield of water for 10 seconds giving it +5 armor and slowing units who attack it.;Summons a storm geyser from beneath the ground healing nearby friendly units for 10hp/sec and shocking up to 3 nearby enemies for 40 damage every 7 seconds. Lasts 15 seconds. Healing aura does not stack.;,FALSE,TRUE,FALSE,TRUE,TRUE,FALSE,FALSE,r36q1jd
komodo,marine,5,180,1,TRUE,250,3,null,trident;,63,74,0.8,very fast,100,melee,880,0,normal,medium,medium;unarmored;light;heavy;fortified,medium,fortified;,magic;pierce;siege;chaos;normal,magic;,normal;,submerge;,self buff;,Submerges itself into water temporarily avoiding damage for 1.5 seconds. After resurfacing gains 25% attack for 5 seconds.;,FALSE,FALSE,FALSE,FALSE,FALSE,FALSE,FALSE,Dq7X7L2
trident,marine,5,250,2,FALSE,0,0,komodo;,null,140,160,1,fast,100,melee,1770,0,normal,medium,medium;unarmored;light;heavy;fortified,medium,fortified;,magic;pierce;siege;chaos;normal,magic;,normal;,concussion;,stun;,Each attack has a 20% chance to deal double damage and stun for 2 seconds. Stun is reduced greatly on bosses.;,FALSE,FALSE,FALSE,FALSE,FALSE,TRUE,FALSE,iwhVhWC
sea giant,marine,6,280,2,TRUE,340,4,null,hydra;,119,131,0.95,very fast,180,melee,1380,0,normal,heavy,medium;unarmored;light;heavy;fortified,medium,fortified;,pierce;normal;siege;chaos;magic,pierce;,magic;,null,null,null,FALSE,FALSE,FALSE,FALSE,FALSE,FALSE,FALSE,dbrEplz
hydra,marine,6,340,2,FALSE,0,0,sea giant;,null,178,275,1.05,fast,325,ranged,1660,0,magic,heavy,heavy;light;unarmored;medium;fortifed,heavy,fortified;,pierce;normal;siege;chaos;magic,pierce;,magic;,triple attack;mitosis,splash;summon,Every 3 attacks deals a triple attack that damages up to 3 units. Deals 80% of normal damage.;When slain splits into three Mini Hydras.,FALSE,FALSE,FALSE,TRUE,FALSE,FALSE,TRUE,1e7UWDW
peewee,mech,1,25,1,TRUE,125,1,null,veteran;,17,19,1.5,average,100,melee,125,0,normal,medium,medium;unarmored;light;heavy;fortified,medium,fortified;,magic;pierce;siege;chaos;normal,magic;,normal;,null,null,null,FALSE,FALSE,FALSE,FALSE,FALSE,FALSE,FALSE,6rS3JAW
veteran,mech,1,125,0,FALSE,0,0,peewee;,null,83,94,1.3,fast,100,melee,740,0,normal,medium,medium;unarmored;light;heavy;fortified,medium,fortified;,magic;pierce;siege;chaos;normal,magic;,normal;,null,null,null,FALSE,FALSE,FALSE,FALSE,FALSE,FALSE,FALSE,jAGpcqK
infantry,mech,2,60,1,TRUE,170,2,null,zeus;pyro,16,20,0.6,very fast,600,ranged,160,0,pierce,light,light;unarmored;medium;heavy;fortified,light,fortified;,normal;siege;chaos;magic;pierce,normal;siege,pierce;,null,null,null,FALSE,FALSE,FALSE,FALSE,FALSE,FALSE,FALSE,EOfIbzf
zeus,mech,2,155,1,FALSE,0,0,infantry;,null,16,18,0.25,very fast,800,ranged,450,10,pierce,light,light;unarmored;medium;heavy;fortified,light,fortified;,normal;siege;chaos;magic;pierce,normal;siege,pierce;,power surge;,damage;,Unleashes a bolt of deadly energy dealing 50 damage. Each time Zeus attacks he gains 1 mana.;,FALSE,FALSE,FALSE,FALSE,FALSE,FALSE,FALSE,XyYi8NB
pyro,mech,2,170,1,FALSE,0,0,infantry;,null,48,52,0.5,very fast,225,ranged,1005,0,chaos,heavy,equal;,equal,equal;,pierce;normal;siege;chaos;magic,pierce;,magic;,null,null,null,FALSE,FALSE,FALSE,FALSE,FALSE,FALSE,FALSE,x4Vefm6
captain,mech,3,110,1,TRUE,190,2,null,admiral;,60,72,1.5,average,90,melee,585,0,normal,medium,medium;unarmored;light;heavy;fortified,medium,fortified;,magic;pierce;siege;chaos;normal,magic;,normal;,leadership;,aura -damage;,Gives an extra 7% damage to the attacks of nearby friendly units.;,TRUE,TRUE,FALSE,FALSE,FALSE,FALSE,FALSE,fcBCXFA
admiral,mech,3,190,1,FALSE,0,0,captain;,null,153,173,1.7,average,90,melee,1235,0,normal,medium,medium;unarmored;light;heavy;fortified,medium,fortified;,magic;pierce;siege;chaos;normal,magic;,normal;,superiority;,aura - damage;,Gives an extra 12% damage to the attacks of nearby friendly units.;,TRUE,TRUE,FALSE,FALSE,FALSE,FALSE,FALSE,AEwByEN
tempest,mech,4,140,1,TRUE,265,3,null,leviathan;,30,44,0.6,very fast,300,ranged,600,0,siege,heavy,fortified;unarmored;light;medium;heavy,fortified,light;medium;heavy,pierce;normal;siege;chaos;magic,pierce;,magic;,null,null,null,FALSE,FALSE,FALSE,FALSE,FALSE,FALSE,FALSE,5tVP5ow
leviathan,mech,4,265,2,FALSE,0,0,tempest;,null,263,305,2.1,slow,250,ranged,1420,0,siege,heavy,fortified;unarmored;light;medium;heavy,fortified,light;medium;heavy,pierce;normal;siege;chaos;magic,pierce;,magic;,shrapnel;,splash;,Bombs have a 40% chance of releasing shrapnel and dealing 50 damage to up to 3 nearby enemies.;,FALSE,FALSE,FALSE,TRUE,FALSE,FALSE,FALSE,xR8WPMw
cyborg,mech,5,210,2,TRUE,290,3,null,krogoth;,121,135,1.3,fast,180,melee,1035,0,normal,heavy,medium;unarmored;light;heavy;fortified,medium,fortified,pierce;normal;siege;chaos;magic,pierce;,magic;,null,null,null,FALSE,FALSE,FALSE,FALSE,FALSE,FALSE,FALSE,S6VXT7Y
krogoth,mech,5,290,1,FALSE,0,0,cyborg;,null,156,164,0.9,very fast,180,melee,2200,0,normal,heavy,medium;unarmored;light;heavy;fortified,medium,fortified,pierce;normal;siege;chaos;magic,pierce;,magic;,vital slice;,damage;,Each attack has a 15% chance to do double damage.;,FALSE,FALSE,FALSE,FALSE,FALSE,FALSE,FALSE,Bo6pd6H
neotank,mech,6,360,2,TRUE,450,5,null,doomsday machine;,143,159,0.9,very fast,450,ranged,1420,0,siege,fortified,fortified;unarmored;light;medium;heavy,fortified,light;medium;heavy,pierce;magic;normal;chaos;siege,pierce;magic,siege;,null,null,null,FALSE,FALSE,FALSE,FALSE,FALSE,FALSE,FALSE,m6LRymg
doomsday machine,mech,6,450,3,FALSE,0,0,neotank;,null,303,353,0.9,very fast,450,ranged,3015,0,siege,fortified,fortified;unarmored;light;medium;heavy,fortified,light;medium;heavy,pierce;magic;normal;chaos;siege,pierce;magic,siege;,null,null,null,FALSE,FALSE,FALSE,FALSE,FALSE,FALSE,FALSE,pTf4WHU
ent,nature,1,20,1,TRUE,95,1,null,guardian;,11,13,1.4,fast,100,melee,115,0,normal,heavy,medium;unarmored;light;heavy;fortified,medium,fortified;,pierce;normal;siege;chaos;magic,pierce;,magic;,null,null,null,FALSE,FALSE,FALSE,FALSE,FALSE,FALSE,FALSE,whWT5nS
guardian,nature,1,95,0,FALSE,0,0,ent;,null,53,64,1.4,fast,100,melee,665,20,normal,heavy,medium;unarmored;light;heavy;fortified,medium,fortified;,pierce;normal;siege;chaos;magic,pierce;,magic;,entangle;,cc;,Entangles a nearby enemy unit immobilizing it and dealing 10 damage per second. Lasts 4 seconds.;,FALSE,FALSE,TRUE,FALSE,FALSE,FALSE,FALSE,2j09B2D
ranger,nature,2,40,1,TRUE,115,1,null,meliai;,15,18,0.9,very fast,750,ranged,110,0,pierce,medium,light;unarmored;medium;heavy;fortified,light,fortified;,magic;pierce;siege;chaos;normal,magic;,normal;,vulture eye;,damage;,This unit has a 33% chance to do 160% damage. Affects air enemies only.;,FALSE,FALSE,FALSE,FALSE,FALSE,FALSE,FALSE,C18T9ah
meliai,nature,2,115,0,FALSE,0,0,ranger;,null,40,43,0.9,very fast,750,ranged,335,0,pierce,medium,light;unarmored;medium;heavy;fortified,light,fortified;,magic;pierce;siege;chaos;normal,magic;,normal;,precision;mark target,damage;damage,This unit has a 33% chance to do 160% damage. Affects all enemies.;Each attack marks an enemy target causing it to take 25% more damage from piercing attacks. Does not stack.,FALSE,FALSE,FALSE,FALSE,FALSE,FALSE,FALSE,s9e44kN
sprite,nature,3,80,1,TRUE,155,2,null,thunderbird;,22,27,0.66,very fast,300,ranged,360,0,magic,light,heavy;light;unarmored;medium;fortifed,heavy,fortified;,normal;siege;chaos;magic;pierce,normal;siege,pierce;,faerie luck;,defence - evade;,Gives a 15% chance to dodge an attack.;,FALSE,FALSE,FALSE,FALSE,FALSE,FALSE,FALSE,FSP8lwd
thunderbird,nature,3,155,1,FALSE,0,0,sprite;,null,120,132,1.8,average,300,ranged,955,0,magic,heavy,heavy;light;unarmored;medium;fortifed,heavy,fortified;,pierce;normal;siege;chaos;magic,pierce;,magic;,aftershock;,splash;,Shocks 2 nearby enemy for 45 magic damage with each attack.;,FALSE,FALSE,FALSE,TRUE,FALSE,FALSE,FALSE,G4tKjTR
tree of travel,nature,4,130,1,TRUE,165,2,null,tree of time;,74,82,1.5,average,100,melee,750,0,normal,medium,medium;unarmored;light;heavy;fortified,medium,fortified;,magic;pierce;siege;chaos;normal,magic;,normal;,helping hand;,aura - speed;,Increases nearby allies' movement by 30%.;,TRUE,TRUE,FALSE,FALSE,FALSE,FALSE,FALSE,yxkmGck
tree of time,nature,4,165,1,FALSE,0,0,tree of travel;,null,138,144,1.5,average,100,melee,1395,0,normal,medium,medium;unarmored;light;heavy;fortified,medium,fortified;,magic;pierce;siege;chaos;normal,magic;,normal;,chrono trigger;,aura - slow;,Slows nearby enemies' movement by 50%.;,TRUE,FALSE,TRUE,FALSE,FALSE,FALSE,FALSE,YHuf4sa
halfbreed,nature,5,195,1,TRUE,225,3,null,goliath;,86,90,0.9,very fast,100,melee,1005,0,normal,heavy,medium;unarmored;light;heavy;fortified,medium,fortified;,pierce;normal;siege;chaos;magic,pierce;,magic;,null,null,null,FALSE,FALSE,FALSE,FALSE,FALSE,FALSE,FALSE,Lqregxn
goliath,nature,5,225,2,FALSE,0,0,halfbreed;,null,246,278,1.8,average,180,melee,1655,0,siege,heavy,fortified;unarmored;light;medium;heavy,fortified,light;medium;heavy,pierce;normal;siege;chaos;magic,pierce;,magic;,natural armor;reassurance,defence;aura - armor,30% Chance to reduce damage taken by 50 every time this unit is attacked. If the attack deals less than 50 damage it will deal 5 damage.;Gives 3 additional armor to friendly units close to him. Very small area of effect.,TRUE,TRUE,FALSE,FALSE,FALSE,FALSE,FALSE,VcPHwL2
yggdrasil,nature,6,290,2,TRUE,380,4,null,tree of life;tree of knowledge,91,102,0.8,very fast,180,melee,1250,0,magic,fortified,heavy;light;unarmored;medium;fortifed,heavy,fortified;,pierce;magic;normal;chaos;siege,pierce;,siege;,sacred blessing;,heal,Heals up to 4 nearby allies for 40hp every 5 seconds.;,FALSE,FALSE,FALSE,FALSE,TRUE,FALSE,FALSE,KdK5XzM
tree of life,nature,6,380,2,FALSE,0,0,yggdrasil;,null,301,334,1.2,fast,180,melee,2350,0,magic,fortified,heavy;light;unarmored;medium;fortifed,heavy,fortified;,pierce;magic;normal;chaos;siege,pierce;,siege;,water of life;,heal,Heals up to 6 nearby allies for 40hp every 4 seconds. When this unit dies it heals up to 5 nearby allies for 150hp each.;,FALSE,FALSE,FALSE,FALSE,TRUE,FALSE,FALSE,0uEhfCI
tree of knowledge,nature,6,380,2,FALSE,0,0,yggdrasil;,null,201,221,1,fast,180,melee,2570,0,chaos,fortified,equal;,equal,equal;,pierce;magic;normal;chaos;siege,pierce;,siege;,forbidden fruit;,aura - reflect & damage;,Returns 24% of melee damage received back to attackers. Deals 200 damage to nearby enemies when it dies(limited to 15 target).;,TRUE,FALSE,TRUE,FALSE,FALSE,FALSE,FALSE,z76xsid
orc warrior,orc,1,20,1,TRUE,80,1,null,blood orc warrior;,10,10,1,fast,100,melee,100,0,normal,unarmored,medium;unarmored;light;heavy;fortified,medium,fortified;,equal;,equal;,equal;,null,null,null,FALSE,FALSE,FALSE,FALSE,FALSE,FALSE,FALSE,NSsJTlo
blood orc warrior,orc,1,90,0,TRUE,150,2,orc warrior;,wolverine;,50,50,1,fast,100,melee,500,10,normal,unarmored,medium;unarmored;light;heavy;fortified,medium,fortified;,equal;,equal;,equal;,frenzy;,damage;,Increases the attack rate of a target unit by 30% but drains 5 hit points per second (self buff).;,FALSE,FALSE,FALSE,FALSE,FALSE,FALSE,FALSE,eOcOHFQ
wolverine,orc,1,150,1,FALSE,0,0,orc warrior;blood orc warrior,null,54,66,0.6,very fast,100,melee,1050,3,chaos,unarmored,equal;,equal,equal;,equal;,equal;,equal;,berserk;finishing blow;,self buff;damage,Increases attack speed by 40% 60% 80% when health is below 60% 40% 20%.;Gives you a 5% chance to finish off enemies with a single blow!,FALSE,FALSE,FALSE,FALSE,FALSE,FALSE,FALSE,TbJPO1U
orc warlock,orc,2,60,1,TRUE,120,1,null,blood orc warlock;,42,46,1.5,average,350,ranged,260,10,magic,light,heavy;light;unarmored;medium;fortifed,heavy,fortified;,normal;siege;chaos;magic;pierce,normal;siege,pierce;,cripple;,debuff - damage;,Reduces damage of target by 10%. Lasts 5 seconds (2 seconds on bosses).;,FALSE,FALSE,TRUE,FALSE,FALSE,FALSE,FALSE,ti5EAV2
blood orc warlock,orc,2,120,0,FALSE,0,0,orc warlock;,null,116,124,1.5,average,350,ranged,660,0,magic,light,heavy;light;unarmored;medium;fortifed,heavy,fortified;,normal;siege;chaos;magic;pierce,normal;siege,pierce;,corruption;,debuff - armor;,Reduces armor of target by 4. Lasts 4 seconds.;,FALSE,FALSE,TRUE,FALSE,FALSE,FALSE,FALSE,EBnS7L0
raider,orc,3,90,1,TRUE,150,2,null,blood raider;,24,37,1,fast,90,melee,350,60,normal,heavy,medium;unarmored;light;heavy;fortified,medium,fortified;,pierce;normal;siege;chaos;magic,pierce;,magic;,summon wolf;,summon;,Summon a Wolf to attack its master's enemies. Lasts 60 seoncds (40 second cooldown). Wolf: 14-17 Damage 1.35 Speed 145HP Chaos/Heavy.;,FALSE,FALSE,FALSE,FALSE,FALSE,FALSE,TRUE,rvy7uZZ
blood raider,orc,3,150,1,FALSE,0,0,raider;,null,72,96,1.3,fast,90,melee,740,60,normal,heavy,medium;unarmored;light;heavy;fortified,medium,fortified;,pierce;normal;siege;chaos;magic,pierce;,magic;,summon blood wolf;,summon;,Summon a Blood Wolf to attack its master's enemies. Lasts 60 seconds (40 second cooldown). Blood Wolf: 40-47 Damage 1.35 Speed 470HP Chaos/Heavy.;,FALSE,FALSE,FALSE,FALSE,FALSE,FALSE,TRUE,vEAOWXU
young witch doctor,orc,4,100,1,TRUE,200,2,null,elder witch doctor;,40,40,1,fast,400,ranged,400,0,magic,light,heavy;light;unarmored;medium;fortifed,heavy,fortified;,normal;siege;chaos;magic;pierce,normal;siege,pierce;,healing aura;,aura - heal;,Increases the life regeneration rate of nearby friendly units by 5 (does not stack).;,TRUE,FALSE,FALSE,FALSE,TRUE,FALSE,FALSE,bjBXRB9
elder witch doctor,orc,4,200,1,FALSE,0,0,young witch doctor;,null,106,114,1,fast,400,ranged,1100,0,magic,light,heavy;light;unarmored;medium;fortifed,heavy,fortified;,normal;siege;chaos;magic;pierce,normal;siege,pierce;,greater healing aura;,aura - heal;,Increases the life regeneration rate of nearby friendly units by 10 (does not stack).;,TRUE,FALSE,FALSE,FALSE,TRUE,FALSE,FALSE,aZ3knv8
wyvern,orc,5,180,1,TRUE,200,3,null,wind rider;,82,98,1,fast,500,ranged,700,0,pierce,medium,light;unarmored;medium;heavy;fortified,light,fortified;,magic;pierce;siege;chaos;normal,magic;,normal;,null,null,null,FALSE,FALSE,FALSE,FALSE,FALSE,FALSE,FALSE,leCA0qv
wind rider,orc,5,200,2,FALSE,0,0,wyvern;,null,104,120,0.8,very fast,500,ranged,1200,50,pierce,medium,light;unarmored;medium;heavy;fortified,light,fortified;,magic;pierce;siege;chaos;normal,magic;,normal;,envenomed spears;,damage;,Deals 15 poison damage per second. Lasts 4 seconds (stackable).;,FALSE,FALSE,FALSE,FALSE,FALSE,FALSE,FALSE,tHauef2
orc warchief,orc,6,300,2,TRUE,380,4,null,thrall;,190,200,1.5,average,150,melee,1400,0,normal,heavy,medium;unarmored;light;heavy;fortified,medium,fortified;,pierce;normal;siege;chaos;magic,pierce;,magic;,pulverize;,splash;,Gives a 20% chance that an attack will deal 30 damage to nearby units (Ground Only).;,FALSE,FALSE,FALSE,TRUE,FALSE,FALSE,FALSE,2HulPjY
thrall,orc,6,380,2,FALSE,0,0,orc warchief;,null,252,268,1,fast,180,melee,2500,15,chaos,fortified,equal;,equal,equal;,pierce;magic;normal;chaos;siege,pierce;magic,siege;,storm bolt;,stun,Throws a magical hammer at a target enemy unit dealing 300 damage and stunning the target for 3 seconds (1 second on boss').;,FALSE,FALSE,FALSE,FALSE,FALSE,TRUE,FALSE,R3AmdNv
peasant,paladin,1,15,1,TRUE,95,1,null,militia;,6,9,1,fast,100,melee,75,0,normal,light,medium;unarmored;light;heavy;fortified,medium,fortified;,normal;siege;chaos;magic;pierce,normal;siege,pierce;,null,null,null,FALSE,FALSE,FALSE,FALSE,FALSE,FALSE,FALSE,3a3Rmd0
militia,paladin,1,95,0,FALSE,0,0,peasant;,null,50,54,1,fast,100,melee,535,0,normal,medium,medium;unarmored;light;heavy;fortified,medium,fortified;,magic;pierce;siege;chaos;normal,magic;,normal;,null,null,null,FALSE,FALSE,FALSE,FALSE,FALSE,FALSE,FALSE,9FP5FWs
archer,paladin,2,50,1,TRUE,160,2,null,elite archer;,12,13,0.5,very fast,600,ranged,180,0,pierce,light,light;unarmored;medium;heavy;fortified,light,fortified;,normal;siege;chaos;magic;pierce,normal;siege,pierce;,null,null,null,FALSE,FALSE,FALSE,FALSE,FALSE,FALSE,FALSE,Fu0qB24
elite archer,paladin,2,160,1,FALSE,0,0,archer;,null,18,18,0.8,very fast,600,ranged,650,0,pierce,light,light;unarmored;medium;heavy;fortified,light,fortified;,normal;siege;chaos;magic;pierce,normal;siege,pierce;,multishot;,splash;,Fires arrows at multiple targets each time.;,FALSE,FALSE,FALSE,TRUE,FALSE,FALSE,FALSE,0XBSuTs
footman,paladin,3,80,1,TRUE,160,1,null,guard;,55,59,1.5,average,100,melee,385,0,normal,medium,medium;unarmored;light;heavy;fortified,medium,fortified;,magic;pierce;siege;chaos;normal,magic;,normal;,null,null,null,FALSE,FALSE,FALSE,FALSE,FALSE,FALSE,FALSE,6uJDKIp
guard,paladin,3,160,0,FALSE,0,0,footman;,null,60,66,0.6,very fast,90,melee,1150,0,normal,medium,medium;unarmored;light;heavy;fortified,medium,fortified;,magic;pierce;siege;chaos;normal,magic;,normal;,defence;,self buff;,While Defence is active this unit take only 85% of the damage from Piercing attacks and movement is reduced.;,FALSE,FALSE,FALSE,FALSE,FALSE,FALSE,FALSE,Yxwlkzx
priest,paladin,4,130,1,TRUE,170,2,null,high priest;,53,63,1,fast,500,ranged,420,10,magic,light,heavy;light;unarmored;medium;fortifed,heavy,fortified;,normal;siege;chaos;magic;pierce,normal;siege,pierce;,heal;,heal,Heals a target friendly unit for 130 hit points.;,FALSE,FALSE,FALSE,FALSE,TRUE,FALSE,FALSE,2QCHtyl
high priest,paladin,4,170,1,FALSE,0,0,priest;,null,118,136,0.8,very fast,500,ranged,840,10,magic,light,heavy;light;unarmored;medium;fortifed,heavy,fortified;,normal;siege;chaos;magic;pierce,normal;siege,pierce;,greater heal;,heal,Heals a target friendly unit for 300 hit points.;,FALSE,FALSE,FALSE,FALSE,TRUE,FALSE,FALSE,srbTpYn
knight,paladin,5,200,1,TRUE,220,3,null,cavalier;,70,80,0.9,very fast,180,melee,880,0,normal,heavy,medium;unarmored;light;heavy;fortified,medium,fortified;,pierce;normal;siege;chaos;magic,pierce;,magic;,null,null,null,FALSE,FALSE,FALSE,FALSE,FALSE,FALSE,FALSE,mcgf172
cavalier,paladin,5,220,2,FALSE,0,0,knight;,null,180,191,1,fast,180,melee,1770,0,normal,heavy,medium;unarmored;light;heavy;fortified,medium,fortified;,pierce;normal;siege;chaos;magic,pierce;,magic;,harden armor;,self buff;,30% chance to reduce damage taken by 50 every time this unit is attacked.;,FALSE,FALSE,FALSE,FALSE,FALSE,FALSE,FALSE,ZO7Hbcm
dragonhawk,paladin,6,320,2,TRUE,360,4,null,royal griffin;,120,128,0.8,very fast,300,ranged,1480,0,magic,medium,heavy;light;unarmored;medium;fortifed,heavy,fortified;,magic;pierce;siege;chaos;normal,magic;,normal;,null,null,null,FALSE,FALSE,FALSE,FALSE,FALSE,FALSE,FALSE,ud2yAIt
royal griffin,paladin,6,360,2,FALSE,0,0,dragonhawk;,null,300,300,1.5,average,300,ranged,2675,0,magic,medium,heavy;light;unarmored;medium;fortifed,heavy,fortified;,magic;pierce;siege;chaos;normal,magic;,normal;,storm hammer;,splash;,Release chain lightning to damage multiple units.;,FALSE,FALSE,FALSE,TRUE,FALSE,FALSE,FALSE,HLYfl98
bone warrior,shadow,1,15,1,TRUE,90,1,null,skeletor;fire archer;dark mage,4,5,0.6,very fast,100,melee,70,0,normal,medium,medium;unarmored;light;heavy;fortified,medium,fortified;,magic;pierce;siege;chaos;normal,magic;,normal;,frenzy;,buff - skeletons;,Skeletons move faster and regenerate hitpoints.;,FALSE,TRUE,FALSE,FALSE,FALSE,FALSE,FALSE,v0z1zsT
skeletor,shadow,1,90,0,FALSE,0,0,bone warrior;,null,33,39,0.9,very fast,100,melee,485,0,normal,medium,medium;unarmored;light;heavy;fortified,medium,fortified;,magic;pierce;siege;chaos;normal,magic;,normal;,frenzy;killing spree,buff - skeletons;damage,Skeletons move faster and regenerate hitpoints.;Increases the damage by 33% for 4 seconds whenever it kills a unit. Does not stack with itself.,FALSE,TRUE,FALSE,FALSE,FALSE,FALSE,FALSE,l1HBcNR
fire archer,shadow,1,90,0,FALSE,0,0,bone warrior;,null,12,14,0.4,very fast,575,ranged,275,20,pierce,light,light;unarmored;medium;heavy;fortified,light,fortified;,normal;siege;chaos;magic;pierce,normal;siege,pierce;,frenzy;flaming arrows,buff - skeletons;damage,Skeletons move faster and regenerate hitpoints.;Uses mana to add 20 bonus damage to an attack.,FALSE,TRUE,FALSE,FALSE,FALSE,FALSE,FALSE,KCFONS4
dark mage,shadow,1,90,0,FALSE,0,0,bone warrior;,null,27,31,1,fast,350,ranged,375,20,magic,light,heavy;light;unarmored;medium;fortifed,heavy,fortified;,normal;siege;chaos;magic;pierce,normal;siege,pierce;,frenzy;mindwarp,buff - skeletons;buff - attack,Skeletons move faster and regenerate hitpoints.;Increases the attack rate of an ally by 30%. Lasts 20 seconds.,FALSE,TRUE,FALSE,FALSE,FALSE,FALSE,FALSE,WexNRnp
carrion spitter,shadow,2,35,1,TRUE,110,1,null,nightcrawler;,12,17,0.8,very fast,500,ranged,115,0,pierce,medium,light;unarmored;medium;heavy;fortified,light,fortified;,magic;pierce;siege;chaos;normal,magic;,normal;,null,null,null,FALSE,FALSE,FALSE,FALSE,FALSE,FALSE,FALSE,9Y0ObSH
nightcrawler,shadow,2,110,0,FALSE,0,0,carrion spitter;,null,28,34,0.45,very fast,500,ranged,425,0,pierce,medium,light;unarmored;medium;heavy;fortified,light,fortified;,magic;pierce;siege;chaos;normal,magic;,normal;,sticky webs;,slow;,Attacks slow enemies' movement by 20% and attack by 15% for 6 seconds. Air units only.;,FALSE,FALSE,TRUE,FALSE,FALSE,FALSE,FALSE,dGubdlp
gateguard,shadow,3,90,1,TRUE,150,2,null,harbinger;,24,37,1,fast,100,melee,350,60,normal,heavy,medium;unarmored;light;heavy;fortified,medium,fortified;,pierce;normal;siege;chaos;magic,pierce;,magic;,conjure fiend;,summon;,Conjures a fiend to attack its master's enemies. Lasts 60 seconds (40 second cooldown).;,FALSE,FALSE,FALSE,FALSE,FALSE,FALSE,TRUE,kARdQBK
harbinger,shadow,3,150,1,FALSE,0,0,gateguard;,null,72,96,1.3,fast,100,melee,740,60,normal,heavy,medium;unarmored;light;heavy;fortified,medium,fortified;,pierce;normal;siege;chaos;magic,pierce;,magic;,conjure fanatic;,summon;,Conjures a fanatic to attack its master's enemies. Lasts 60 seconds. (40 second cooldown).;,FALSE,FALSE,FALSE,FALSE,FALSE,FALSE,TRUE,ozD2pfw
overseer,shadow,4,130,1,TRUE,165,2,null,keeper of souls;,64,76,1.5,average,225,ranged,625,0,magic,medium,heavy;light;unarmored;medium;fortifed,heavy,fortified;,magic;pierce;siege;chaos;normal,magic;,normal;,blood thirst;,aura - life steal;,Nearby friendly melee units gain 8% life steal.;,TRUE,TRUE,FALSE,FALSE,FALSE,FALSE,FALSE,hNmd3VQ
keeper of souls,shadow,4,165,1,FALSE,0,0,overseer;,null,120,132,1.4,fast,225,ranged,1080,0,magic,medium,heavy;light;unarmored;medium;fortifed,heavy,fortified;,magic;pierce;siege;chaos;normal,magic;,normal;,sound of madness;,aura - life steal;,Nearby friendly melee units gain 16% life steal.;,TRUE,TRUE,FALSE,FALSE,FALSE,FALSE,FALSE,Fe8lWGn
nightmare,shadow,5,215,2,TRUE,240,4,null,doppelganger;,15,45,0.3,very fast,100,melee,995,0,normal,unarmored,medium;unarmored;light;heavy;fortified,medium,fortified;,equal;,equal;,equal;,shadow walker;,self buff;,Gives 10% evasion and 10% chance to deal double damage.;,FALSE,FALSE,FALSE,FALSE,FALSE,FALSE,FALSE,GNxvQNt
doppelganger,shadow,5,240,2,FALSE,0,0,nightmare;,null,15,37,0.15,very fast,90,melee,1685,0,normal,unarmored,medium;unarmored;light;heavy;fortified,medium,fortified;,equal;,equal;,equal;,fatality;,self buff;,Gives 15% evasion and 10% chance to deal triple damage.;,FALSE,FALSE,FALSE,FALSE,FALSE,FALSE,FALSE,LzmXRLD
lord of death,shadow,6,300,2,TRUE,350,4,null,hades;,35,45,0.5,very fast,400,ranged,845,60,chaos,medium,equal;,equal,equal;,magic;pierce;siege;chaos;normal,magic;,normal;,invoke inferno;,summon;,Invokes an Infernal to wreak havoc among enemies. Lasts 60 seconds (40 second cooldown).;,FALSE,FALSE,FALSE,FALSE,FALSE,FALSE,TRUE,3SzHOjI
hades,shadow,6,350,2,FALSE,0,0,lord of death;,null,70,80,0.5,very fast,400,ranged,1475,60,chaos,medium,equal;,equal,equal;,magic;pierce;siege;chaos;normal,magic;,normal;,diablo;,summon;,Invokes an Diabolic creature that reawakens the dead Lasts 60 seconds. (40 second cooldown).;,FALSE,FALSE,FALSE,FALSE,FALSE,FALSE,TRUE,ZOX9pja
acolyte,undead,1,20,1,TRUE,80,1,null,revenant;,8,9,0.8,very fast,350,ranged,100,0,magic,light,heavy;light;unarmored;medium;fortifed,heavy,fortified;,normal;siege;chaos;magic;pierce,normal;siege,pierce;,null,null,null,FALSE,FALSE,FALSE,FALSE,FALSE,FALSE,FALSE,PDG9aON
revenant,undead,1,80,0,FALSE,0,0,acolyte;,null,28,32,0.6,very fast,350,ranged,380,0,magic,light,heavy;light;unarmored;medium;fortifed,heavy,fortified;,normal;siege;chaos;magic;pierce,normal;siege,pierce;,null,null,null,FALSE,FALSE,FALSE,FALSE,FALSE,FALSE,FALSE,qsi4SLF
ghoul,undead,2,60,1,TRUE,90,1,null,frenzy ghoul;,24,30,1,fast,100,melee,280,0,normal,unarmored,medium;unarmored;light;heavy;fortified,medium,fortified;,equal;,equal;,equal;,null,null,null,FALSE,FALSE,FALSE,FALSE,FALSE,FALSE,FALSE,fvnjx04
frenzy ghoul,undead,2,90,0,FALSE,0,0,ghoul;,null,51,53,0.8,very fast,100,melee,700,20,chaos,unarmored,equal;,equal,equal;,equal;,equal;,equal;,life steal;,life steal;,Grants 15% life steal.;,FALSE,FALSE,FALSE,FALSE,FALSE,FALSE,FALSE,1W5gjXj
meat wagon,undead,3,70,1,TRUE,140,2,null,war machine;,31,37,1,fast,500,ranged,280,0,siege,fortified,fortified;unarmored;light;medium;heavy,fortified,light;medium;heavy,pierce;magic;normal;chaos;siege,pierce;magic,siege;,small splash;,splash - ground;,Attacks deal small splash damage to ground units.;,FALSE,FALSE,FALSE,TRUE,FALSE,FALSE,FALSE,BMYvlnB
war machine,undead,3,140,1,FALSE,0,0,meat wagon;,null,92,106,1,fast,500,ranged,750,0,siege,fortified,fortified;unarmored;light;medium;heavy,fortified,light;medium;heavy,pierce;magic;normal;chaos;siege,pierce;magic,siege;,small splash;,splash - ground;,Attacks deal small splash damage to ground units.;,FALSE,FALSE,FALSE,TRUE,FALSE,FALSE,FALSE,Z8tTmTl
necromancer,undead,4,130,1,TRUE,220,2,null,necrolyte;ghost,31,42,1.1,fast,400,ranged,300,60,pierce,light,light;unarmored;medium;heavy;fortified,light,fortified;,normal;siege;chaos;magic;pierce,normal;siege,pierce;,raise dead;,summon;,Raises 1 Fire archer to fight. Lasts 60 seconds (40 second cooldown). Fire Archer: 10-10 Damage 0.33 speed 250HP Pierce/Light.;,FALSE,FALSE,FALSE,FALSE,FALSE,FALSE,TRUE,AHUbDkb
necrolyte,undead,4,220,1,FALSE,0,0,necromancer;,null,77,88,1.1,fast,400,ranged,1000,60,pierce,light,light;unarmored;medium;heavy;fortified,light,fortified;,normal;siege;chaos;magic;pierce,normal;siege,pierce;,mass dead;,summon;,Raises 3 Fire Archers to fight. Lasts 60 seoconds (40 second cooldown). Fire Archer: 10-10 Damage 0.33 speed 250HP Pierce/Light.;,FALSE,FALSE,FALSE,FALSE,FALSE,FALSE,TRUE,pVPJlJ4
ghost,undead,4,170,1,FALSE,0,0,necromancer;,null,105,115,1.1,fast,400,ranged,1000,0,pierce,light,light;unarmored;medium;heavy;fortified,light,fortified;,normal;siege;chaos;magic;pierce,normal;siege,pierce;,heartstopper aura;,aura - enemy health;,Every unit affected by Heartstopper aura loses 1% of max health per second.;,TRUE,FALSE,TRUE,FALSE,FALSE,FALSE,FALSE,sysqcA5
zombie,undead,5,190,1,TRUE,220,3,null,the butcher;,59,64,0.8,very fast,100,melee,880,0,normal,medium,medium;unarmored;light;heavy;fortified,medium,fortified;,magic;pierce;siege;chaos;normal,magic;,normal;,infectious diseases;,aura - enemy damage;,Decreases the damage of nearby enemies by 5% (120 range stackable).;,TRUE,FALSE,TRUE,FALSE,FALSE,FALSE,FALSE,08qRZgA
the butcher,undead,5,220,2,FALSE,0,0,zombie;,null,237,275,1.5,average,120,melee,1770,0,normal,medium,medium;unarmored;light;heavy;fortified,medium,fortified;,magic;pierce;siege;chaos;normal,magic;,normal;,plague;life steal,aura - enemy damage;life steal,Decreases the damage of nearby enemies by 10%.;Grants 10% life steal.,TRUE,FALSE,TRUE,FALSE,FALSE,FALSE,FALSE,eJ6QqUH
guardian of death,undead,6,320,2,TRUE,380,4,null,death dragon;,121,143,1.2,fast,180,melee,1550,0,normal,heavy,medium;unarmored;light;heavy;fortified,medium,fortified;,pierce;normal;siege;chaos;magic,pierce;,magic;,cleave attack;,splash;,The Guardian of Death strikes with such force that a small percentage of his damage strikes through to enemies near the primary attacked unit.;,FALSE,FALSE,FALSE,TRUE,FALSE,FALSE,FALSE,r9kg77C
death dragon,undead,6,380,2,FALSE,0,0,guardian of death;,null,313,328,1.3,fast,350,ranged,2600,0,normal,heavy,medium;unarmored;light;heavy;fortified,medium,fortified;,pierce;normal;siege;chaos;magic,pierce;,magic;,death's breath;,splash;,Attacks deal small splash damage to both ground and air units.;,FALSE,FALSE,FALSE,TRUE,FALSE,FALSE,FALSE,FG7ptdm
